Order_ID,Order_Date,Region,Salesperson,Product,Category,Quantity,Unit_Cost,Unit_Price,Sales,Cost,Profit,Payment_Method
ORD0001,2025-04-25,South,Meera,USB Drive,Accessories,2,599.38,708.77,1417.54,1198.76,218.78,Cash
ORD0002,2025-04-30,North,Sneha,Webcam,Electronics,7,2144.86,2419.63,16937.41,15014.02,1923.39,Bank Transfer
ORD0003,2025-01-04,South,Kiran,Mouse,Accessories,8,498.66,669.62,5356.96,3989.28,1367.68,UPI
ORD0004,2025-02-22,North,Kiran,Headphones,Accessories,3,1626.89,2162.22,6486.66,4880.67,1605.99,Cash
ORD0005,2025-01-23,West,Meera,Printer,Electronics,14,7955.91,9382.85,131359.9,111382.74,19977.16,Bank Transfer
ORD0006,2025-07-05,South,Meera,Monitor,Electronics,9,11079.53,14276.99,128492.91,99715.77,28777.14,Cash
ORD0007,2025-04-30,North,Kiran,USB Drive,Accessories,4,730.29,1019.17,4076.68,2921.16,1155.52,UPI
ORD0008,2025-07-01,South,Vishnu,Desk,Furniture,11,9526.75,10944.29,120387.19,104794.25,15592.94,Cash
ORD0009,2025-03-25,West,Kiran,Webcam,Electronics,11,2231.96,2943.37,32377.07,24551.56,7825.51,UPI
ORD0010,2025-01-29,South,Arun,USB Drive,Accessories,12,692.47,903.94,10847.28,8309.64,2537.64,UPI
ORD0011,2025-10-18,East,Sneha,Office Chair,Furniture,5,6065.83,8334.09,41670.45,30329.15,11341.3,Bank Transfer
ORD0012,2025-05-16,South,Sneha,Office Chair,Furniture,15,7550.46,9344.87,140173.05,113256.9,26916.15,UPI
ORD0013,2025-07-05,South,Rahul,Backpack,Bags,10,1722.8,2196.67,21966.7,17228.0,4738.7,Bank Transfer
ORD0014,2025-11-18,South,Kiran,Monitor,Electronics,13,10341.35,11715.66,152303.58,134437.55,17866.03,Cash
ORD0015,2025-05-09,North,Meera,Office Chair,Furniture,7,6992.8,8673.97,60717.79,48949.6,11768.19,UPI
ORD0016,2025-08-21,North,Vishnu,USB Drive,Accessories,6,614.52,756.12,4536.72,3687.12,849.6,Card
ORD0017,2025-11-24,South,Rahul,Tablet,Electronics,15,15778.85,20316.69,304750.35,236682.75,68067.6,UPI
ORD0018,2025-01-01,East,Divya,Keyboard,Accessories,9,979.54,1348.56,12137.04,8815.86,3321.18,Cash
ORD0019,2025-06-07,South,Arun,Monitor,Electronics,15,11288.94,15754.8,236322.0,169334.1,66987.9,Card
ORD0020,2025-02-05,South,Rahul,Webcam,Electronics,2,2178.53,2714.01,5428.02,4357.06,1070.96,Bank Transfer
ORD0021,2025-08-05,South,Sneha,Tablet,Electronics,3,16492.75,22458.67,67376.01,49478.25,17897.76,UPI
ORD0022,2025-09-22,West,Meera,Office Chair,Furniture,11,7087.29,8727.5,96002.5,77960.19,18042.31,Card
ORD0023,2025-04-28,South,Arun,Mouse,Accessories,2,467.26,596.45,1192.9,934.52,258.38,Cash
ORD0024,2025-01-17,East,Meera,Backpack,Bags,11,1556.49,1743.61,19179.71,17121.39,2058.32,Card
ORD0025,2025-10-20,West,Sneha,Headphones,Accessories,11,1748.44,2206.13,24267.43,19232.84,5034.59,Bank Transfer
ORD0026,2025-07-01,West,Kiran,Office Chair,Furniture,4,6115.07,7935.49,31741.96,24460.28,7281.68,Bank Transfer
ORD0027,2025-02-20,North,Kiran,Backpack,Bags,1,1833.01,2557.51,2557.51,1833.01,724.5,UPI
ORD0028,2025-03-13,West,Rahul,Monitor,Electronics,4,10774.77,13585.75,54343.0,43099.08,11243.92,UPI
ORD0029,2025-10-09,North,Arun,Desk,Furniture,4,9617.59,10796.86,43187.44,38470.36,4717.08,Cash
ORD0030,2025-07-28,West,Divya,Monitor,Electronics,15,12460.7,14590.41,218856.15,186910.5,31945.65,Card
ORD0031,2025-07-19,East,Divya,Office Chair,Furniture,15,6052.61,7346.0,110190.0,90789.15,19400.85,UPI
ORD0032,2025-10-12,West,Rahul,Office Chair,Furniture,12,7625.31,10664.96,127979.52,91503.72,36475.8,Card
ORD0033,2025-10-05,North,Anjali,Headphones,Accessories,4,1965.92,2504.1,10016.4,7863.68,2152.72,Cash
ORD0034,2025-09-29,South,Arun,Laptop,Electronics,10,43613.87,60004.67,600046.7,436138.7,163908.0,Cash
ORD0035,2025-05-01,West,Meera,Keyboard,Accessories,2,898.88,1170.85,2341.7,1797.76,543.94,Card
ORD0036,2025-12-03,East,Vishnu,Webcam,Electronics,10,2149.84,2417.7,24177.0,21498.4,2678.6,Card
ORD0037,2025-03-09,East,Divya,USB Drive,Accessories,12,649.98,766.77,9201.24,7799.76,1401.48,UPI
ORD0038,2025-02-21,North,Sneha,Monitor,Electronics,1,11574.86,16199.44,16199.44,11574.86,4624.58,UPI
ORD0039,2025-05-06,East,Vishnu,Keyboard,Accessories,15,843.53,945.29,14179.35,12652.95,1526.4,Card
ORD0040,2025-12-01,North,Vishnu,Desk,Furniture,14,8872.24,10564.67,147905.38,124211.36,23694.02,Cash
ORD0041,2025-10-11,South,Vishnu,Keyboard,Accessories,5,790.97,895.47,4477.35,3954.85,522.5,UPI
ORD0042,2025-11-21,East,Divya,Webcam,Electronics,4,2573.51,2988.05,11952.2,10294.04,1658.16,UPI
ORD0043,2025-01-23,North,Anjali,Laptop,Electronics,2,45385.7,61216.43,122432.86,90771.4,31661.46,Card
ORD0044,2025-12-28,West,Arun,USB Drive,Accessories,5,623.28,768.22,3841.1,3116.4,724.7,Cash
ORD0045,2025-01-19,East,Rahul,Monitor,Electronics,15,12273.06,14049.17,210737.55,184095.9,26641.65,Bank Transfer
ORD0046,2025-01-21,East,Sneha,Keyboard,Accessories,1,834.36,1142.82,1142.82,834.36,308.46,Card
ORD0047,2025-07-28,South,Sneha,USB Drive,Accessories,2,656.89,832.91,1665.82,1313.78,352.04,Card
ORD0048,2025-06-20,West,Sneha,Keyboard,Accessories,15,857.77,989.7,14845.5,12866.55,1978.95,UPI
ORD0049,2025-01-20,West,Sneha,Keyboard,Accessories,13,922.79,1120.97,14572.61,11996.27,2576.34,Card
ORD0050,2025-04-27,South,Arun,Desk,Furniture,6,8336.68,11159.51,66957.06,50020.08,16936.98,Card
ORD0051,2025-05-23,East,Kiran,Office Chair,Furniture,6,6437.56,7215.39,43292.34,38625.36,4666.98,UPI
ORD0052,2025-10-25,East,Arun,Laptop,Electronics,2,48116.68,56698.99,113397.98,96233.36,17164.62,Cash
ORD0053,2025-08-12,North,Kiran,Webcam,Electronics,7,2341.05,3127.48,21892.36,16387.35,5505.01,Card
ORD0054,2025-10-03,South,Anjali,Headphones,Accessories,1,1848.95,2034.78,2034.78,1848.95,185.83,Bank Transfer
ORD0055,2025-12-06,North,Vishnu,Monitor,Electronics,11,12962.31,16681.8,183499.8,142585.41,40914.39,UPI
ORD0056,2025-10-11,South,Sneha,USB Drive,Accessories,7,652.08,853.68,5975.76,4564.56,1411.2,Bank Transfer
ORD0057,2025-11-12,East,Kiran,USB Drive,Accessories,7,713.53,978.14,6846.98,4994.71,1852.27,Cash
ORD0058,2025-11-07,East,Divya,Headphones,Accessories,5,1624.58,2170.0,10850.0,8122.9,2727.1,Bank Transfer
ORD0059,2025-03-28,North,Vishnu,Desk,Furniture,11,8130.83,10098.13,111079.43,89439.13,21640.3,UPI
ORD0060,2025-06-08,South,Sneha,Monitor,Electronics,14,13056.0,15281.53,213941.42,182784.0,31157.42,Card
ORD0061,2025-02-07,West,Kiran,Laptop,Electronics,1,41004.48,50949.74,50949.74,41004.48,9945.26,Card
ORD0062,2025-03-17,North,Meera,Backpack,Bags,12,1702.79,2077.23,24926.76,20433.48,4493.28,Bank Transfer
ORD0063,2025-08-26,North,Sneha,Mouse,Accessories,3,525.51,687.77,2063.31,1576.53,486.78,Cash
ORD0064,2025-10-14,East,Divya,Desk,Furniture,3,9453.19,12291.73,36875.19,28359.57,8515.62,Bank Transfer
ORD0065,2025-09-01,West,Vishnu,Tablet,Electronics,8,19337.44,25585.3,204682.4,154699.52,49982.88,Card
ORD0066,2025-11-17,South,Vishnu,USB Drive,Accessories,5,729.02,915.93,4579.65,3645.1,934.55,Bank Transfer
ORD0067,2025-06-13,North,Rahul,Monitor,Electronics,12,11057.18,13064.22,156770.64,132686.16,24084.48,Card
ORD0068,2025-02-02,West,Kiran,Mouse,Accessories,7,511.74,671.36,4699.52,3582.18,1117.34,UPI
ORD0069,2025-08-04,West,Arun,Tablet,Electronics,8,17170.98,19953.54,159628.32,137367.84,22260.48,Bank Transfer
ORD0070,2025-07-19,West,Sneha,Desk,Furniture,1,9771.17,11623.63,11623.63,9771.17,1852.46,Bank Transfer
ORD0071,2025-06-22,West,Rahul,Mouse,Accessories,5,479.48,531.6,2658.0,2397.4,260.6,Bank Transfer
ORD0072,2025-10-31,North,Meera,Keyboard,Accessories,10,885.18,1214.54,12145.4,8851.8,3293.6,Bank Transfer
ORD0073,2025-07-14,East,Sneha,Keyboard,Accessories,14,868.88,968.88,13564.32,12164.32,1400.0,Bank Transfer
ORD0074,2025-08-04,East,Meera,Printer,Electronics,6,8842.61,10732.61,64395.66,53055.66,11340.0,Bank Transfer
ORD0075,2025-06-29,South,Meera,Laptop,Electronics,12,44318.46,62044.62,744535.44,531821.52,212713.92,Cash
ORD0076,2025-03-20,South,Rahul,Laptop,Electronics,4,40492.81,44789.66,179158.64,161971.24,17187.4,Bank Transfer
ORD0077,2025-12-25,East,Anjali,USB Drive,Accessories,2,693.69,808.42,1616.84,1387.38,229.46,Card
ORD0078,2025-03-25,East,Meera,Webcam,Electronics,10,2727.33,3587.82,35878.2,27273.3,8604.9,Cash
ORD0079,2025-07-23,South,Meera,Headphones,Accessories,10,1834.81,2545.71,25457.1,18348.1,7109.0,Card
ORD0080,2025-11-04,North,Arun,Monitor,Electronics,12,12517.44,16962.23,203546.76,150209.28,53337.48,UPI
ORD0081,2025-11-28,East,Arun,Tablet,Electronics,7,18276.85,20482.63,143378.41,127937.95,15440.46,Bank Transfer
ORD0082,2025-08-24,South,Kiran,Desk,Furniture,2,8625.43,10425.18,20850.36,17250.86,3599.5,Card
ORD0083,2025-10-03,West,Divya,Backpack,Bags,9,1964.46,2320.08,20880.72,17680.14,3200.58,Bank Transfer
ORD0084,2025-02-14,East,Divya,Backpack,Bags,10,1650.78,2237.66,22376.6,16507.8,5868.8,Card
ORD0085,2025-01-15,West,Anjali,Desk,Furniture,10,9023.25,10951.49,109514.9,90232.5,19282.4,Card
ORD0086,2025-05-24,East,Arun,Desk,Furniture,4,8448.36,9947.99,39791.96,33793.44,5998.52,Card
ORD0087,2025-05-04,West,Divya,Monitor,Electronics,4,12360.22,15407.92,61631.68,49440.88,12190.8,Bank Transfer
ORD0088,2025-05-05,East,Anjali,Laptop,Electronics,2,41560.15,50758.26,101516.52,83120.3,18396.22,Bank Transfer
ORD0089,2025-10-09,East,Anjali,Tablet,Electronics,9,16846.91,23568.65,212117.85,151622.19,60495.66,Bank Transfer
ORD0090,2025-04-09,East,Meera,Headphones,Accessories,5,1643.13,1866.92,9334.6,8215.65,1118.95,Card
ORD0091,2025-10-29,East,Meera,Mouse,Accessories,4,517.33,611.98,2447.92,2069.32,378.6,Card
ORD0092,2025-12-29,South,Vishnu,Headphones,Accessories,4,1692.4,2015.11,8060.44,6769.6,1290.84,Cash
ORD0093,2025-11-23,West,Meera,Laptop,Electronics,9,41536.54,57454.46,517090.14,373828.86,143261.28,Cash
ORD0094,2025-04-05,North,Vishnu,Webcam,Electronics,5,2418.37,2979.77,14898.85,12091.85,2807.0,Bank Transfer
ORD0095,2025-10-23,North,Rahul,Monitor,Electronics,14,10396.03,12969.3,181570.2,145544.42,36025.78,Card
ORD0096,2025-10-13,West,Sneha,Webcam,Electronics,5,2178.24,2558.25,12791.25,10891.2,1900.05,Bank Transfer
ORD0097,2025-08-08,East,Arun,Desk,Furniture,15,8646.12,11741.86,176127.9,129691.8,46436.1,Cash
ORD0098,2025-03-22,South,Rahul,Mouse,Accessories,11,451.38,585.95,6445.45,4965.18,1480.27,Cash
ORD0099,2025-08-29,East,Arun,Keyboard,Accessories,1,856.92,1119.83,1119.83,856.92,262.91,Card
ORD0100,2025-02-06,South,Vishnu,Headphones,Accessories,12,1657.22,2250.31,27003.72,19886.64,7117.08,Card
ORD0101,2025-05-17,South,Meera,Office Chair,Furniture,2,6902.98,8934.46,17868.92,13805.96,4062.96,Cash
ORD0102,2025-10-19,East,Divya,Keyboard,Accessories,13,834.21,1105.07,14365.91,10844.73,3521.18,Cash
ORD0103,2025-05-20,West,Divya,Desk,Furniture,12,8334.21,10174.01,122088.12,100010.52,22077.6,Cash
ORD0104,2025-11-06,East,Arun,Webcam,Electronics,1,2680.89,3539.74,3539.74,2680.89,858.85,Cash
ORD0105,2025-01-11,East,Arun,Mouse,Accessories,11,529.49,673.81,7411.91,5824.39,1587.52,Card
ORD0106,2025-04-03,West,Divya,Desk,Furniture,9,9115.9,12532.74,112794.66,82043.1,30751.56,Cash
ORD0107,2025-02-23,South,Anjali,Desk,Furniture,6,8568.78,10250.98,61505.88,51412.68,10093.2,Bank Transfer
ORD0108,2025-10-09,North,Divya,Backpack,Bags,8,1659.7,2296.29,18370.32,13277.6,5092.72,Cash
ORD0109,2025-07-26,North,Divya,Printer,Electronics,5,7911.96,11005.97,55029.85,39559.8,15470.05,Bank Transfer
ORD0110,2025-09-13,West,Arun,Laptop,Electronics,4,44082.44,56724.85,226899.4,176329.76,50569.64,Card
ORD0111,2025-12-24,West,Meera,Headphones,Accessories,9,1588.96,1885.16,16966.44,14300.64,2665.8,Cash
ORD0112,2025-06-09,North,Kiran,USB Drive,Accessories,10,734.88,964.85,9648.5,7348.8,2299.7,Cash
ORD0113,2025-03-02,South,Divya,Mouse,Accessories,14,539.12,667.66,9347.24,7547.68,1799.56,UPI
ORD0114,2025-08-30,South,Divya,Tablet,Electronics,12,16530.41,22322.95,267875.4,198364.92,69510.48,Card
ORD0115,2025-03-11,North,Vishnu,Office Chair,Furniture,4,7563.27,9472.79,37891.16,30253.08,7638.08,Bank Transfer
ORD0116,2025-01-02,East,Vishnu,Printer,Electronics,15,8898.9,10502.05,157530.75,133483.5,24047.25,Bank Transfer
ORD0117,2025-10-10,West,Divya,Keyboard,Accessories,8,886.18,1066.55,8532.4,7089.44,1442.96,UPI
ORD0118,2025-07-30,North,Anjali,Mouse,Accessories,12,454.85,552.59,6631.08,5458.2,1172.88,Bank Transfer
ORD0119,2025-12-06,South,Divya,Backpack,Bags,15,1895.13,2304.14,34562.1,28426.95,6135.15,Cash
ORD0120,2025-02-21,West,Meera,Keyboard,Accessories,9,982.2,1178.25,10604.25,8839.8,1764.45,Bank Transfer
ORD0121,2025-03-21,North,Divya,Laptop,Electronics,12,39871.75,54276.61,651319.32,478461.0,172858.32,UPI
ORD0122,2025-06-18,West,Anjali,Printer,Electronics,10,8697.0,11262.19,112621.9,86970.0,25651.9,Bank Transfer
ORD0123,2025-12-17,East,Sneha,Tablet,Electronics,1,18078.57,21159.72,21159.72,18078.57,3081.15,Cash
ORD0124,2025-02-21,West,Rahul,Office Chair,Furniture,2,7280.65,9546.15,19092.3,14561.3,4531.0,UPI
ORD0125,2025-07-03,East,Kiran,Laptop,Electronics,1,41899.22,46794.55,46794.55,41899.22,4895.33,Card
ORD0126,2025-04-03,South,Rahul,Mouse,Accessories,9,476.51,621.63,5594.67,4288.59,1306.08,Cash
ORD0127,2025-09-12,South,Sneha,Webcam,Electronics,14,2364.09,3085.0,43190.0,33097.26,10092.74,Bank Transfer
ORD0128,2025-08-27,East,Rahul,USB Drive,Accessories,5,675.42,878.08,4390.4,3377.1,1013.3,Cash
ORD0129,2025-08-06,East,Divya,Desk,Furniture,6,9872.22,11745.44,70472.64,59233.32,11239.32,UPI
ORD0130,2025-07-15,East,Vishnu,Mouse,Accessories,7,531.67,601.85,4212.95,3721.69,491.26,UPI
ORD0131,2025-10-17,North,Divya,Laptop,Electronics,14,45655.09,53980.03,755720.42,639171.26,116549.16,UPI
ORD0132,2025-04-08,East,Rahul,Mouse,Accessories,10,525.24,612.27,6122.7,5252.4,870.3,Cash
ORD0133,2025-01-18,East,Rahul,USB Drive,Accessories,11,601.9,804.49,8849.39,6620.9,2228.49,Cash
ORD0134,2025-03-09,East,Vishnu,Headphones,Accessories,6,1866.37,2151.35,12908.1,11198.22,1709.88,Card
ORD0135,2025-06-01,East,Meera,Headphones,Accessories,15,1901.11,2366.03,35490.45,28516.65,6973.8,Bank Transfer
ORD0136,2025-12-13,West,Anjali,Monitor,Electronics,3,12462.45,14552.21,43656.63,37387.35,6269.28,Cash
ORD0137,2025-07-08,East,Kiran,Office Chair,Furniture,1,6412.8,7291.84,7291.84,6412.8,879.04,UPI
ORD0138,2025-10-15,East,Sneha,Monitor,Electronics,11,10901.47,12073.46,132808.06,119916.17,12891.89,Cash
ORD0139,2025-11-29,West,Meera,USB Drive,Accessories,14,676.25,886.11,12405.54,9467.5,2938.04,Card
ORD0140,2025-02-19,South,Rahul,Laptop,Electronics,1,41674.1,52000.42,52000.42,41674.1,10326.32,Bank Transfer
ORD0141,2025-10-04,West,Rahul,Desk,Furniture,6,9158.59,12116.28,72697.68,54951.54,17746.14,Bank Transfer
ORD0142,2025-05-24,North,Anjali,USB Drive,Accessories,2,740.9,951.83,1903.66,1481.8,421.86,Card
ORD0143,2025-02-20,East,Anjali,Desk,Furniture,8,9788.75,13279.76,106238.08,78310.0,27928.08,Cash
ORD0144,2025-08-21,North,Sneha,Office Chair,Furniture,5,6282.16,7140.6,35703.0,31410.8,4292.2,Cash
ORD0145,2025-10-17,South,Meera,Laptop,Electronics,13,42001.98,58661.91,762604.83,546025.74,216579.09,Card
ORD0146,2025-03-17,North,Vishnu,Webcam,Electronics,4,2633.16,3080.53,12322.12,10532.64,1789.48,Card
ORD0147,2025-12-05,North,Rahul,Keyboard,Accessories,9,821.4,946.54,8518.86,7392.6,1126.26,Cash
ORD0148,2025-01-09,South,Vishnu,Printer,Electronics,13,8900.42,11362.77,147716.01,115705.46,32010.55,Cash
ORD0149,2025-02-02,West,Divya,Keyboard,Accessories,12,859.72,975.0,11700.0,10316.64,1383.36,UPI
ORD0150,2025-11-11,North,Vishnu,Tablet,Electronics,10,15790.74,19756.61,197566.1,157907.4,39658.7,Bank Transfer
ORD0151,2025-07-25,West,Meera,USB Drive,Accessories,1,605.64,753.23,753.23,605.64,147.59,Bank Transfer
ORD0152,2025-06-14,South,Meera,Backpack,Bags,15,1729.6,2369.17,35537.55,25944.0,9593.55,Card
ORD0153,2025-06-16,West,Vishnu,Headphones,Accessories,10,1814.88,2294.93,22949.3,18148.8,4800.5,Bank Transfer
ORD0154,2025-02-28,South,Kiran,Tablet,Electronics,10,17235.9,23060.41,230604.1,172359.0,58245.1,Bank Transfer
ORD0155,2025-08-01,North,Anjali,Mouse,Accessories,7,467.37,577.69,4043.83,3271.59,772.24,Bank Transfer
ORD0156,2025-12-18,West,Meera,Printer,Electronics,11,7766.64,10765.17,118416.87,85433.04,32983.83,Cash
ORD0157,2025-07-10,South,Arun,Monitor,Electronics,2,11495.63,15213.05,30426.1,22991.26,7434.84,UPI
ORD0158,2025-08-05,North,Vishnu,USB Drive,Accessories,2,666.89,908.36,1816.72,1333.78,482.94,UPI
ORD0159,2025-12-03,West,Sneha,Printer,Electronics,2,8453.08,9837.88,19675.76,16906.16,2769.6,Cash
ORD0160,2025-05-23,South,Kiran,Printer,Electronics,14,8407.06,9537.52,133525.28,117698.84,15826.44,Cash
ORD0161,2025-01-15,South,Vishnu,Webcam,Electronics,15,2536.14,3317.38,49760.7,38042.1,11718.6,UPI
ORD0162,2025-10-17,West,Meera,Printer,Electronics,6,7237.97,9850.58,59103.48,43427.82,15675.66,Card
ORD0163,2025-09-29,South,Kiran,Backpack,Bags,11,1967.31,2218.2,24400.2,21640.41,2759.79,Bank Transfer
ORD0164,2025-06-16,North,Arun,Desk,Furniture,6,8004.17,9552.91,57317.46,48025.02,9292.44,Card
ORD0165,2025-05-20,West,Kiran,Keyboard,Accessories,13,904.01,1177.19,15303.47,11752.13,3551.34,Bank Transfer
ORD0166,2025-09-20,North,Anjali,Webcam,Electronics,8,2383.86,2776.41,22211.28,19070.88,3140.4,Bank Transfer
ORD0167,2025-09-27,East,Arun,Monitor,Electronics,5,12234.65,15635.15,78175.75,61173.25,17002.5,Card
ORD0168,2025-04-19,South,Vishnu,Office Chair,Furniture,10,6045.87,7021.23,70212.3,60458.7,9753.6,UPI
ORD0169,2025-03-31,South,Kiran,Printer,Electronics,2,7241.43,9588.41,19176.82,14482.86,4693.96,Card
ORD0170,2025-02-06,West,Arun,Tablet,Electronics,9,19050.09,25562.55,230062.95,171450.81,58612.14,Bank Transfer
ORD0171,2025-10-22,West,Kiran,Laptop,Electronics,8,48613.08,66047.33,528378.64,388904.64,139474.0,Bank Transfer
ORD0172,2025-03-29,West,Anjali,Headphones,Accessories,2,1712.26,2379.8,4759.6,3424.52,1335.08,Cash
ORD0173,2025-07-25,North,Kiran,Office Chair,Furniture,14,6135.26,7550.68,105709.52,85893.64,19815.88,UPI
ORD0174,2025-02-09,North,Sneha,Backpack,Bags,6,1629.71,2173.6,13041.6,9778.26,3263.34,UPI
ORD0175,2025-03-17,South,Meera,Printer,Electronics,12,9261.22,11980.62,143767.44,111134.64,32632.8,Card
ORD0176,2025-12-02,North,Rahul,Headphones,Accessories,4,1608.07,1842.62,7370.48,6432.28,938.2,Bank Transfer
ORD0177,2025-12-15,East,Anjali,Desk,Furniture,13,8918.4,11360.62,147688.06,115939.2,31748.86,Card
ORD0178,2025-05-21,North,Anjali,Desk,Furniture,2,8705.07,11224.45,22448.9,17410.14,5038.76,Cash
ORD0179,2025-05-27,North,Meera,Headphones,Accessories,8,1733.36,1936.28,15490.24,13866.88,1623.36,Bank Transfer
ORD0180,2025-01-22,West,Sneha,Desk,Furniture,10,8897.21,11900.42,119004.2,88972.1,30032.1,UPI
ORD0181,2025-08-19,North,Anjali,Webcam,Electronics,8,2438.35,3382.76,27062.08,19506.8,7555.28,Cash
ORD0182,2025-08-13,West,Rahul,Tablet,Electronics,11,16076.52,18879.03,207669.33,176841.72,30827.61,UPI
ORD0183,2025-06-23,North,Anjali,Printer,Electronics,15,7826.15,9568.49,143527.35,117392.25,26135.1,Cash
ORD0184,2025-05-10,South,Anjali,Printer,Electronics,2,8410.67,10227.12,20454.24,16821.34,3632.9,Cash
ORD0185,2025-12-02,West,Rahul,Webcam,Electronics,11,2213.39,2667.02,29337.22,24347.29,4989.93,Cash
ORD0186,2025-03-07,North,Kiran,Headphones,Accessories,9,1699.51,2273.09,20457.81,15295.59,5162.22,UPI
ORD0187,2025-06-24,West,Sneha,Laptop,Electronics,6,41724.74,57803.4,346820.4,250348.44,96471.96,Card
ORD0188,2025-02-21,North,Anjali,Keyboard,Accessories,3,782.36,1058.79,3176.37,2347.08,829.29,Card
ORD0189,2025-12-21,South,Divya,Webcam,Electronics,7,2221.41,2564.07,17948.49,15549.87,2398.62,Cash
ORD0190,2025-08-16,East,Divya,Office Chair,Furniture,6,7133.64,8355.34,50132.04,42801.84,7330.2,Card
ORD0191,2025-08-29,South,Anjali,Tablet,Electronics,4,16692.61,22411.28,89645.12,66770.44,22874.68,Bank Transfer
ORD0192,2025-09-28,West,Rahul,Desk,Furniture,13,8283.99,10061.42,130798.46,107691.87,23106.59,Card
ORD0193,2025-09-04,East,Meera,Webcam,Electronics,3,2670.63,2979.5,8938.5,8011.89,926.61,Cash
ORD0194,2025-09-20,South,Kiran,Headphones,Accessories,2,1873.4,2214.05,4428.1,3746.8,681.3,Cash
ORD0195,2025-01-14,West,Arun,Mouse,Accessories,14,481.39,580.02,8120.28,6739.46,1380.82,Bank Transfer
ORD0196,2025-07-11,South,Arun,Tablet,Electronics,6,16361.0,22878.53,137271.18,98166.0,39105.18,UPI
ORD0197,2025-03-16,South,Arun,Monitor,Electronics,14,12344.11,14820.18,207482.52,172817.54,34664.98,UPI
ORD0198,2025-08-29,West,Arun,Desk,Furniture,12,9520.0,12639.25,151671.0,114240.0,37431.0,Cash
ORD0199,2025-11-08,West,Meera,Laptop,Electronics,5,40676.12,46568.3,232841.5,203380.6,29460.9,UPI
ORD0200,2025-11-24,West,Meera,Mouse,Accessories,5,440.23,515.74,2578.7,2201.15,377.55,Cash
ORD0201,2025-10-22,South,Rahul,Desk,Furniture,10,8856.12,11420.73,114207.3,88561.2,25646.1,UPI
ORD0202,2025-08-02,South,Meera,Office Chair,Furniture,1,7025.92,8235.57,8235.57,7025.92,1209.65,UPI
ORD0203,2025-09-17,North,Kiran,Monitor,Electronics,9,11832.25,15806.98,142262.82,106490.25,35772.57,Bank Transfer
ORD0204,2025-01-09,East,Meera,Laptop,Electronics,11,42602.41,51633.73,567971.03,468626.51,99344.52,UPI
ORD0205,2025-10-25,East,Rahul,Mouse,Accessories,12,507.14,573.63,6883.56,6085.68,797.88,Cash
ORD0206,2025-12-17,West,Divya,Printer,Electronics,9,7944.41,10270.84,92437.56,71499.69,20937.87,Card
ORD0207,2025-01-19,East,Sneha,Keyboard,Accessories,2,926.11,1280.89,2561.78,1852.22,709.56,Cash
ORD0208,2025-09-21,West,Divya,Mouse,Accessories,15,430.24,593.74,8906.1,6453.6,2452.5,UPI
ORD0209,2025-01-25,East,Vishnu,Laptop,Electronics,13,45527.63,53988.18,701846.34,591859.19,109987.15,Cash
ORD0210,2025-07-17,East,Rahul,Printer,Electronics,7,9115.16,12059.29,84415.03,63806.12,20608.91,Bank Transfer
ORD0211,2025-05-17,North,Kiran,Backpack,Bags,8,1695.31,2270.34,18162.72,13562.48,4600.24,Cash
ORD0212,2025-05-31,East,Meera,Office Chair,Furniture,10,7691.42,8876.95,88769.5,76914.2,11855.3,Cash
ORD0213,2025-08-07,South,Divya,Printer,Electronics,11,7853.23,9689.12,106580.32,86385.53,20194.79,UPI
ORD0214,2025-11-11,West,Vishnu,Desk,Furniture,1,9285.33,12753.24,12753.24,9285.33,3467.91,Cash
ORD0215,2025-12-14,South,Arun,Monitor,Electronics,11,12112.54,14643.98,161083.78,133237.94,27845.84,Card
ORD0216,2025-02-04,South,Anjali,Webcam,Electronics,11,2613.32,2901.93,31921.23,28746.52,3174.71,UPI
ORD0217,2025-08-19,East,Anjali,Office Chair,Furniture,10,6006.67,6883.83,68838.3,60066.7,8771.6,Bank Transfer
ORD0218,2025-06-10,East,Sneha,Monitor,Electronics,10,10613.09,12842.74,128427.4,106130.9,22296.5,Cash
ORD0219,2025-10-15,North,Vishnu,Laptop,Electronics,12,40343.04,50643.57,607722.84,484116.48,123606.36,UPI
ORD0220,2025-12-22,West,Sneha,Backpack,Bags,8,1626.56,2087.79,16702.32,13012.48,3689.84,Cash
ORD0221,2025-08-16,North,Anjali,Keyboard,Accessories,14,781.66,900.31,12604.34,10943.24,1661.1,UPI
ORD0222,2025-06-03,South,Rahul,Backpack,Bags,2,1777.5,2110.09,4220.18,3555.0,665.18,UPI
ORD0223,2025-03-13,South,Divya,Tablet,Electronics,4,15846.13,18386.17,73544.68,63384.52,10160.16,Cash
ORD0224,2025-10-10,South,Meera,Printer,Electronics,9,8441.09,10468.82,94219.38,75969.81,18249.57,Cash
ORD0225,2025-09-27,West,Kiran,Headphones,Accessories,7,1979.82,2604.77,18233.39,13858.74,4374.65,Cash
ORD0226,2025-12-15,East,Rahul,Keyboard,Accessories,6,909.53,1123.26,6739.56,5457.18,1282.38,Card
ORD0227,2025-03-05,South,Vishnu,Keyboard,Accessories,7,878.14,1194.68,8362.76,6146.98,2215.78,Card
ORD0228,2025-09-23,East,Meera,Keyboard,Accessories,6,975.32,1138.82,6832.92,5851.92,981.0,UPI
ORD0229,2025-11-17,East,Meera,Mouse,Accessories,11,544.54,643.83,7082.13,5989.94,1092.19,Card
ORD0230,2025-11-06,East,Arun,Webcam,Electronics,10,2221.37,2882.49,28824.9,22213.7,6611.2,Cash
ORD0231,2025-05-16,South,Kiran,Monitor,Electronics,1,13045.64,17367.75,17367.75,13045.64,4322.11,Cash
ORD0232,2025-06-04,West,Sneha,Desk,Furniture,15,9061.12,10754.66,161319.9,135916.8,25403.1,Bank Transfer
ORD0233,2025-08-14,West,Divya,Headphones,Accessories,8,1562.84,1747.21,13977.68,12502.72,1474.96,Bank Transfer
ORD0234,2025-06-13,East,Kiran,Mouse,Accessories,6,500.83,597.88,3587.28,3004.98,582.3,Card
ORD0235,2025-08-27,North,Vishnu,Printer,Electronics,9,8418.51,10066.31,90596.79,75766.59,14830.2,Bank Transfer
ORD0236,2025-07-16,West,Sneha,Mouse,Accessories,3,437.1,518.87,1556.61,1311.3,245.31,Card
ORD0237,2025-03-23,West,Divya,Printer,Electronics,15,8452.58,10090.81,151362.15,126788.7,24573.45,Bank Transfer
ORD0238,2025-09-16,West,Sneha,Headphones,Accessories,8,1540.43,2131.29,17050.32,12323.44,4726.88,Card
ORD0239,2025-11-02,West,Vishnu,Webcam,Electronics,6,2155.41,2552.88,15317.28,12932.46,2384.82,Cash
ORD0240,2025-07-07,West,Anjali,Monitor,Electronics,7,10601.8,12503.15,87522.05,74212.6,13309.45,Cash
ORD0241,2025-10-11,East,Meera,Office Chair,Furniture,1,6947.99,8048.53,8048.53,6947.99,1100.54,Bank Transfer
ORD0242,2025-11-16,North,Rahul,Tablet,Electronics,8,18739.82,22186.38,177491.04,149918.56,27572.48,Cash
ORD0243,2025-07-07,South,Sneha,Office Chair,Furniture,6,7341.07,8821.95,52931.7,44046.42,8885.28,Bank Transfer
ORD0244,2025-06-20,West,Divya,Tablet,Electronics,1,15503.87,17691.64,17691.64,15503.87,2187.77,Card
ORD0245,2025-11-10,East,Rahul,Webcam,Electronics,15,2447.19,2932.69,43990.35,36707.85,7282.5,Bank Transfer
ORD0246,2025-09-17,West,Vishnu,Webcam,Electronics,12,2651.63,3389.09,40669.08,31819.56,8849.52,Bank Transfer
ORD0247,2025-08-02,East,Arun,Laptop,Electronics,6,41976.45,47554.34,285326.04,251858.7,33467.34,Bank Transfer
ORD0248,2025-10-23,South,Arun,Headphones,Accessories,11,1882.31,2508.83,27597.13,20705.41,6891.72,Bank Transfer
ORD0249,2025-07-14,South,Sneha,Keyboard,Accessories,9,906.53,1165.73,10491.57,8158.77,2332.8,Cash
ORD0250,2025-06-10,West,Rahul,Webcam,Electronics,12,2193.68,2425.51,29106.12,26324.16,2781.96,Bank Transfer
ORD0251,2025-08-30,North,Rahul,Backpack,Bags,4,1714.67,2284.78,9139.12,6858.68,2280.44,Card
ORD0252,2025-07-12,East,Rahul,Tablet,Electronics,6,19791.55,24611.02,147666.12,118749.3,28916.82,Bank Transfer
ORD0253,2025-12-15,East,Divya,Tablet,Electronics,6,17758.23,23134.72,138808.32,106549.38,32258.94,Card
ORD0254,2025-06-02,East,Sneha,Mouse,Accessories,5,494.76,577.61,2888.05,2473.8,414.25,Bank Transfer
ORD0255,2025-05-21,East,Meera,Printer,Electronics,8,7966.21,10994.25,87954.0,63729.68,24224.32,Bank Transfer
ORD0256,2025-03-16,East,Arun,Office Chair,Furniture,14,6553.99,8729.39,122211.46,91755.86,30455.6,UPI
ORD0257,2025-05-12,West,Sneha,Backpack,Bags,2,1685.86,2078.18,4156.36,3371.72,784.64,Card
ORD0258,2025-03-12,North,Sneha,Tablet,Electronics,5,19498.61,25520.78,127603.9,97493.05,30110.85,Card
ORD0259,2025-04-30,North,Meera,Laptop,Electronics,11,48433.32,56555.66,622112.26,532766.52,89345.74,Bank Transfer
ORD0260,2025-03-12,North,Rahul,Printer,Electronics,12,8228.86,10733.38,128800.56,98746.32,30054.24,Bank Transfer
ORD0261,2025-11-30,South,Vishnu,USB Drive,Accessories,15,749.11,930.93,13963.95,11236.65,2727.3,UPI
ORD0262,2025-11-30,South,Arun,Headphones,Accessories,11,1556.62,2071.27,22783.97,17122.82,5661.15,Card
ORD0263,2025-01-19,West,Divya,Office Chair,Furniture,15,7415.81,10235.13,153526.95,111237.15,42289.8,Card
ORD0264,2025-01-05,East,Meera,Backpack,Bags,14,1946.72,2653.42,37147.88,27254.08,9893.8,UPI
ORD0265,2025-09-10,South,Divya,Headphones,Accessories,8,1975.09,2494.52,19956.16,15800.72,4155.44,UPI
ORD0266,2025-08-23,East,Rahul,Mouse,Accessories,13,439.08,504.39,6557.07,5708.04,849.03,Cash
ORD0267,2025-04-09,South,Kiran,Backpack,Bags,6,1885.85,2395.66,14373.96,11315.1,3058.86,Bank Transfer
ORD0268,2025-04-05,South,Divya,Tablet,Electronics,6,15690.32,20409.6,122457.6,94141.92,28315.68,UPI
ORD0269,2025-05-17,East,Vishnu,Mouse,Accessories,1,457.6,535.69,535.69,457.6,78.09,Cash
ORD0270,2025-12-08,North,Divya,Headphones,Accessories,11,1691.8,1980.91,21790.01,18609.8,3180.21,UPI
ORD0271,2025-12-27,East,Meera,Keyboard,Accessories,7,919.37,1265.91,8861.37,6435.59,2425.78,UPI
ORD0272,2025-09-02,South,Divya,Printer,Electronics,10,7694.3,10673.6,106736.0,76943.0,29793.0,UPI
ORD0273,2025-10-03,South,Sneha,Office Chair,Furniture,12,6911.16,8578.47,102941.64,82933.92,20007.72,Cash
ORD0274,2025-10-16,North,Arun,Tablet,Electronics,8,17676.78,21363.02,170904.16,141414.24,29489.92,Card
ORD0275,2025-09-24,West,Meera,Webcam,Electronics,9,2218.66,2658.92,23930.28,19967.94,3962.34,Card
ORD0276,2025-08-17,North,Divya,Backpack,Bags,10,1749.97,2396.88,23968.8,17499.7,6469.1,Card
ORD0277,2025-08-25,East,Arun,Tablet,Electronics,7,17355.59,19391.77,135742.39,121489.13,14253.26,Bank Transfer
ORD0278,2025-02-07,North,Kiran,Headphones,Accessories,14,1531.36,1784.6,24984.4,21439.04,3545.36,UPI
ORD0279,2025-02-05,West,Arun,Backpack,Bags,2,1773.52,1982.93,3965.86,3547.04,418.82,UPI
ORD0280,2025-11-27,West,Anjali,Office Chair,Furniture,3,7295.7,9701.44,29104.32,21887.1,7217.22,Bank Transfer
ORD0281,2025-02-11,South,Anjali,Desk,Furniture,14,9713.51,11784.91,164988.74,135989.14,28999.6,Cash
ORD0282,2025-04-25,North,Arun,Keyboard,Accessories,9,853.44,971.39,8742.51,7680.96,1061.55,UPI
ORD0283,2025-07-14,South,Sneha,Desk,Furniture,11,9267.96,11374.0,125114.0,101947.56,23166.44,Bank Transfer
ORD0284,2025-02-27,North,Kiran,Printer,Electronics,3,7810.76,10788.4,32365.2,23432.28,8932.92,Cash
ORD0285,2025-08-17,North,Sneha,Mouse,Accessories,4,433.41,553.98,2215.92,1733.64,482.28,Cash
ORD0286,2025-01-29,South,Vishnu,Office Chair,Furniture,8,6360.09,7410.65,59285.2,50880.72,8404.48,Card
ORD0287,2025-12-11,East,Sneha,Backpack,Bags,10,1673.51,2141.05,21410.5,16735.1,4675.4,UPI
ORD0288,2025-05-21,North,Rahul,Keyboard,Accessories,11,882.28,1079.97,11879.67,9705.08,2174.59,Bank Transfer
ORD0289,2025-11-26,West,Anjali,Tablet,Electronics,8,15510.98,18664.74,149317.92,124087.84,25230.08,Bank Transfer
ORD0290,2025-10-03,West,Sneha,Office Chair,Furniture,3,6474.8,7479.45,22438.35,19424.4,3013.95,Card
ORD0291,2025-01-30,West,Kiran,Headphones,Accessories,14,1848.41,2480.07,34720.98,25877.74,8843.24,Card
ORD0292,2025-02-10,West,Anjali,Office Chair,Furniture,4,6396.24,7669.6,30678.4,25584.96,5093.44,Cash
ORD0293,2025-07-13,North,Meera,Tablet,Electronics,12,19032.33,21229.82,254757.84,228387.96,26369.88,Card
ORD0294,2025-04-17,East,Vishnu,Webcam,Electronics,12,2544.66,2964.8,35577.6,30535.92,5041.68,Cash
ORD0295,2025-09-03,South,Sneha,Mouse,Accessories,15,448.75,593.45,8901.75,6731.25,2170.5,Bank Transfer
ORD0296,2025-08-27,East,Vishnu,Mouse,Accessories,9,465.2,551.22,4960.98,4186.8,774.18,UPI
ORD0297,2025-08-29,East,Sneha,Printer,Electronics,9,9100.98,11283.41,101550.69,81908.82,19641.87,UPI
ORD0298,2025-03-16,North,Vishnu,Printer,Electronics,7,7322.15,9952.45,69667.15,51255.05,18412.1,Bank Transfer
ORD0299,2025-10-19,South,Divya,Headphones,Accessories,3,1618.29,1891.79,5675.37,4854.87,820.5,UPI
ORD0300,2025-11-25,West,Divya,Headphones,Accessories,13,1899.72,2640.52,34326.76,24696.36,9630.4,Card
ORD0301,2025-10-07,West,Rahul,Backpack,Bags,13,1688.48,1928.22,25066.86,21950.24,3116.62,Cash
ORD0302,2025-12-09,North,Arun,Tablet,Electronics,1,19075.81,21408.76,21408.76,19075.81,2332.95,Bank Transfer
ORD0303,2025-03-19,North,Sneha,Keyboard,Accessories,14,906.91,1016.09,14225.26,12696.74,1528.52,Bank Transfer
ORD0304,2025-11-12,West,Divya,Printer,Electronics,1,8537.9,11099.5,11099.5,8537.9,2561.6,Cash
ORD0305,2025-09-29,East,Vishnu,Laptop,Electronics,9,44455.99,49059.64,441536.76,400103.91,41432.85,Cash
ORD0306,2025-04-02,North,Meera,Tablet,Electronics,14,18440.37,22666.39,317329.46,258165.18,59164.28,Card
ORD0307,2025-07-01,East,Kiran,Mouse,Accessories,4,502.47,590.77,2363.08,2009.88,353.2,Cash
ORD0308,2025-12-23,South,Vishnu,Printer,Electronics,7,8200.37,9618.73,67331.11,57402.59,9928.52,Cash
ORD0309,2025-07-27,West,Kiran,USB Drive,Accessories,14,708.73,786.34,11008.76,9922.22,1086.54,Bank Transfer
ORD0310,2025-09-13,West,Anjali,Laptop,Electronics,11,38356.31,44164.03,485804.33,421919.41,63884.92,Cash
ORD0311,2025-12-21,West,Vishnu,Tablet,Electronics,15,15491.48,18023.18,270347.7,232372.2,37975.5,Cash
ORD0312,2025-10-16,North,Rahul,Monitor,Electronics,11,12976.75,17775.47,195530.17,142744.25,52785.92,UPI
ORD0313,2025-12-31,West,Meera,Laptop,Electronics,4,44854.16,59462.1,237848.4,179416.64,58431.76,UPI
ORD0314,2025-07-19,East,Kiran,Keyboard,Accessories,10,819.11,1106.12,11061.2,8191.1,2870.1,Card
ORD0315,2025-06-27,North,Meera,Backpack,Bags,12,1565.29,2071.88,24862.56,18783.48,6079.08,Bank Transfer
ORD0316,2025-11-11,West,Anjali,Mouse,Accessories,14,434.5,556.83,7795.62,6083.0,1712.62,Cash
ORD0317,2025-04-27,East,Kiran,USB Drive,Accessories,5,732.12,904.29,4521.45,3660.6,860.85,Bank Transfer
ORD0318,2025-11-13,East,Sneha,Keyboard,Accessories,11,896.82,1088.76,11976.36,9865.02,2111.34,Cash
ORD0319,2025-11-21,South,Kiran,Monitor,Electronics,5,10662.66,14005.44,70027.2,53313.3,16713.9,UPI
ORD0320,2025-08-16,East,Vishnu,Printer,Electronics,2,7419.48,10260.31,20520.62,14838.96,5681.66,Cash
ORD0321,2025-10-12,West,Meera,Keyboard,Accessories,2,807.16,996.56,1993.12,1614.32,378.8,Cash
ORD0322,2025-06-16,West,Arun,Monitor,Electronics,6,11862.66,15173.26,91039.56,71175.96,19863.6,UPI
ORD0323,2025-10-14,South,Rahul,Office Chair,Furniture,7,7313.55,9635.26,67446.82,51194.85,16251.97,Bank Transfer
ORD0324,2025-03-16,North,Rahul,Keyboard,Accessories,3,825.51,974.53,2923.59,2476.53,447.06,Bank Transfer
ORD0325,2025-07-04,East,Sneha,Headphones,Accessories,7,1664.89,2222.3,15556.1,11654.23,3901.87,Bank Transfer
ORD0326,2025-06-05,North,Kiran,Webcam,Electronics,10,2247.22,2544.06,25440.6,22472.2,2968.4,UPI
ORD0327,2025-06-21,West,Rahul,Webcam,Electronics,7,2627.55,3150.07,22050.49,18392.85,3657.64,UPI
ORD0328,2025-06-10,South,Kiran,Printer,Electronics,10,9237.97,10718.41,107184.1,92379.7,14804.4,UPI
ORD0329,2025-10-22,South,Anjali,Headphones,Accessories,12,1842.73,2298.44,27581.28,22112.76,5468.52,Bank Transfer
ORD0330,2025-10-16,South,Rahul,Headphones,Accessories,14,1883.64,2278.27,31895.78,26370.96,5524.82,Cash
ORD0331,2025-05-30,North,Kiran,Backpack,Bags,8,1954.34,2272.69,18181.52,15634.72,2546.8,Bank Transfer
ORD0332,2025-03-20,West,Kiran,Keyboard,Accessories,11,833.14,979.61,10775.71,9164.54,1611.17,Cash
ORD0333,2025-09-17,West,Arun,Desk,Furniture,10,8728.28,10650.61,106506.1,87282.8,19223.3,UPI
ORD0334,2025-02-13,North,Sneha,Backpack,Bags,15,1895.53,2422.76,36341.4,28432.95,7908.45,UPI
ORD0335,2025-11-27,West,Anjali,Keyboard,Accessories,11,902.85,1145.69,12602.59,9931.35,2671.24,Bank Transfer
ORD0336,2025-09-23,South,Divya,Monitor,Electronics,1,10495.82,12244.43,12244.43,10495.82,1748.61,UPI
ORD0337,2025-09-14,South,Anjali,Office Chair,Furniture,8,7301.6,9321.05,74568.4,58412.8,16155.6,Cash
ORD0338,2025-02-13,North,Rahul,Desk,Furniture,2,8314.72,11442.42,22884.84,16629.44,6255.4,UPI
ORD0339,2025-09-05,East,Divya,Headphones,Accessories,6,1734.9,2016.06,12096.36,10409.4,1686.96,Cash
ORD0340,2025-06-03,North,Meera,Desk,Furniture,12,9217.72,11021.38,132256.56,110612.64,21643.92,Cash
ORD0341,2025-05-05,South,Rahul,Printer,Electronics,11,7457.4,9993.03,109923.33,82031.4,27891.93,UPI
ORD0342,2025-07-27,South,Rahul,Tablet,Electronics,7,19613.08,22938.61,160570.27,137291.56,23278.71,Bank Transfer
ORD0343,2025-08-19,West,Kiran,Office Chair,Furniture,1,7240.43,9882.67,9882.67,7240.43,2642.24,Cash
ORD0344,2025-02-02,North,Rahul,Backpack,Bags,4,1622.6,2151.08,8604.32,6490.4,2113.92,UPI
ORD0345,2025-09-08,East,Kiran,Printer,Electronics,4,8197.29,9662.2,38648.8,32789.16,5859.64,Bank Transfer
ORD0346,2025-11-13,South,Vishnu,Webcam,Electronics,2,2342.45,3170.87,6341.74,4684.9,1656.84,Cash
ORD0347,2025-03-01,South,Anjali,USB Drive,Accessories,3,649.81,761.3,2283.9,1949.43,334.47,Card
ORD0348,2025-07-16,West,Rahul,Tablet,Electronics,7,17182.08,19610.94,137276.58,120274.56,17002.02,Bank Transfer
ORD0349,2025-03-30,South,Divya,USB Drive,Accessories,9,716.35,926.65,8339.85,6447.15,1892.7,UPI
ORD0350,2025-01-28,East,Arun,Keyboard,Accessories,3,835.78,1032.44,3097.32,2507.34,589.98,Bank Transfer
ORD0351,2025-09-16,West,Kiran,Keyboard,Accessories,4,948.42,1317.5,5270.0,3793.68,1476.32,Bank Transfer
ORD0352,2025-02-12,North,Sneha,Office Chair,Furniture,12,7419.81,9249.61,110995.32,89037.72,21957.6,UPI
ORD0353,2025-08-23,West,Meera,Laptop,Electronics,5,40779.49,48388.99,241944.95,203897.45,38047.5,Cash
ORD0354,2025-10-05,North,Divya,Headphones,Accessories,13,1774.4,2479.31,32231.03,23067.2,9163.83,Card
ORD0355,2025-05-07,East,Arun,Office Chair,Furniture,2,7237.98,9381.16,18762.32,14475.96,4286.36,Bank Transfer
ORD0356,2025-03-02,South,Sneha,Headphones,Accessories,6,1917.99,2159.84,12959.04,11507.94,1451.1,UPI
ORD0357,2025-03-13,South,Sneha,Backpack,Bags,10,1814.75,2086.59,20865.9,18147.5,2718.4,Cash
ORD0358,2025-03-28,East,Vishnu,Webcam,Electronics,6,2457.68,3143.51,18861.06,14746.08,4114.98,UPI
ORD0359,2025-12-14,North,Rahul,Webcam,Electronics,5,2720.25,3412.08,17060.4,13601.25,3459.15,Bank Transfer
ORD0360,2025-03-09,South,Rahul,Laptop,Electronics,5,48004.29,54632.07,273160.35,240021.45,33138.9,UPI
ORD0361,2025-03-14,East,Kiran,Mouse,Accessories,13,530.44,645.98,8397.74,6895.72,1502.02,Bank Transfer
ORD0362,2025-02-17,West,Vishnu,Desk,Furniture,2,9075.66,12379.54,24759.08,18151.32,6607.76,UPI
ORD0363,2025-02-17,West,Anjali,Desk,Furniture,8,8386.4,9231.26,73850.08,67091.2,6758.88,Cash
ORD0364,2025-04-19,West,Vishnu,Tablet,Electronics,7,16280.23,20006.66,140046.62,113961.61,26085.01,UPI
ORD0365,2025-09-06,East,Arun,Headphones,Accessories,6,1776.29,2023.51,12141.06,10657.74,1483.32,Cash
ORD0366,2025-03-05,South,Divya,Monitor,Electronics,11,12551.67,15537.39,170911.29,138068.37,32842.92,Bank Transfer
ORD0367,2025-03-09,East,Rahul,Laptop,Electronics,7,40526.08,52950.47,370653.29,283682.56,86970.73,UPI
ORD0368,2025-12-07,South,Arun,Monitor,Electronics,11,11281.31,12688.38,139572.18,124094.41,15477.77,Bank Transfer
ORD0369,2025-08-08,North,Meera,USB Drive,Accessories,5,722.05,957.85,4789.25,3610.25,1179.0,Cash
ORD0370,2025-09-23,West,Arun,Mouse,Accessories,8,434.74,555.64,4445.12,3477.92,967.2,Cash
ORD0371,2025-08-05,South,Divya,Backpack,Bags,6,1897.7,2650.04,15900.24,11386.2,4514.04,Cash
ORD0372,2025-02-22,East,Anjali,Mouse,Accessories,7,436.17,585.25,4096.75,3053.19,1043.56,UPI
ORD0373,2025-03-10,South,Meera,Keyboard,Accessories,7,939.03,1245.1,8715.7,6573.21,2142.49,Cash
ORD0374,2025-04-20,South,Kiran,Webcam,Electronics,11,2227.57,2685.02,29535.22,24503.27,5031.95,Bank Transfer
ORD0375,2025-03-05,West,Anjali,Mouse,Accessories,2,537.07,613.34,1226.68,1074.14,152.54,Bank Transfer
ORD0376,2025-02-13,South,Vishnu,Printer,Electronics,13,7522.14,8899.37,115691.81,97787.82,17903.99,Cash
ORD0377,2025-09-18,South,Kiran,USB Drive,Accessories,15,647.79,813.19,12197.85,9716.85,2481.0,UPI
ORD0378,2025-05-03,West,Kiran,USB Drive,Accessories,1,732.17,979.74,979.74,732.17,247.57,Cash
ORD0379,2025-01-07,East,Anjali,Mouse,Accessories,8,504.76,565.99,4527.92,4038.08,489.84,Card
ORD0380,2025-10-07,South,Divya,Office Chair,Furniture,14,7418.2,9096.63,127352.82,103854.8,23498.02,Cash
ORD0381,2025-01-21,North,Kiran,Laptop,Electronics,10,39009.74,45979.05,459790.5,390097.4,69693.1,UPI
ORD0382,2025-12-26,West,Meera,USB Drive,Accessories,12,682.68,836.03,10032.36,8192.16,1840.2,Card
ORD0383,2025-04-15,South,Anjali,Headphones,Accessories,2,1669.46,2092.49,4184.98,3338.92,846.06,Bank Transfer
ORD0384,2025-11-26,North,Vishnu,Webcam,Electronics,11,2602.02,3369.49,37064.39,28622.22,8442.17,Bank Transfer
ORD0385,2025-08-11,North,Divya,Backpack,Bags,14,1637.39,1921.22,26897.08,22923.46,3973.62,Cash
ORD0386,2025-03-03,North,Rahul,Headphones,Accessories,11,1863.76,2464.26,27106.86,20501.36,6605.5,Cash
ORD0387,2025-05-13,South,Anjali,Keyboard,Accessories,8,979.43,1231.05,9848.4,7835.44,2012.96,Card
ORD0388,2025-03-02,North,Anjali,Backpack,Bags,13,1923.06,2538.21,32996.73,24999.78,7996.95,Bank Transfer
ORD0389,2025-10-23,North,Divya,Headphones,Accessories,9,1558.74,2047.71,18429.39,14028.66,4400.73,Bank Transfer
ORD0390,2025-03-27,East,Rahul,Tablet,Electronics,6,15549.48,21113.21,126679.26,93296.88,33382.38,UPI
ORD0391,2025-04-27,North,Arun,Monitor,Electronics,15,11921.74,15698.95,235484.25,178826.1,56658.15,Cash
ORD0392,2025-03-18,South,Arun,Mouse,Accessories,1,483.97,587.97,587.97,483.97,104.0,Bank Transfer
ORD0393,2025-06-13,East,Meera,Mouse,Accessories,6,456.03,626.93,3761.58,2736.18,1025.4,UPI
ORD0394,2025-04-25,North,Kiran,Monitor,Electronics,9,12219.98,13635.07,122715.63,109979.82,12735.81,Cash
ORD0395,2025-06-17,North,Divya,Desk,Furniture,14,8285.19,11213.62,156990.68,115992.66,40998.02,Cash
ORD0396,2025-11-15,South,Divya,Printer,Electronics,4,7844.64,10475.36,41901.44,31378.56,10522.88,UPI
ORD0397,2025-10-07,South,Rahul,Webcam,Electronics,8,2748.62,3663.27,29306.16,21988.96,7317.2,Cash
ORD0398,2025-12-22,North,Anjali,Office Chair,Furniture,1,6357.75,7654.27,7654.27,6357.75,1296.52,Cash
ORD0399,2025-02-23,South,Sneha,USB Drive,Accessories,7,743.58,980.16,6861.12,5205.06,1656.06,Bank Transfer
ORD0400,2025-05-24,North,Arun,Desk,Furniture,1,9838.26,11242.3,11242.3,9838.26,1404.04,Card
ORD0401,2025-02-13,North,Rahul,Tablet,Electronics,7,18453.81,22361.36,156529.52,129176.67,27352.85,Bank Transfer
ORD0402,2025-03-08,South,Vishnu,Monitor,Electronics,10,11903.46,14647.15,146471.5,119034.6,27436.9,UPI
ORD0403,2025-06-17,East,Divya,Printer,Electronics,15,8926.74,11695.97,175439.55,133901.1,41538.45,UPI
ORD0404,2025-10-27,North,Rahul,Mouse,Accessories,2,542.94,619.4,1238.8,1085.88,152.92,Cash
ORD0405,2025-10-02,East,Sneha,Keyboard,Accessories,8,869.86,1062.93,8503.44,6958.88,1544.56,Bank Transfer
ORD0406,2025-03-22,East,Arun,Headphones,Accessories,8,1649.25,1873.51,14988.08,13194.0,1794.08,Card
ORD0407,2025-07-02,West,Arun,Printer,Electronics,3,7418.83,8713.16,26139.48,22256.49,3882.99,UPI
ORD0408,2025-07-27,West,Sneha,Headphones,Accessories,14,1975.8,2191.8,30685.2,27661.2,3024.0,Cash
ORD0409,2025-01-07,North,Sneha,Desk,Furniture,2,9458.77,10801.33,21602.66,18917.54,2685.12,Card
ORD0410,2025-11-27,North,Vishnu,Mouse,Accessories,14,475.07,620.39,8685.46,6650.98,2034.48,Cash
ORD0411,2025-03-07,North,Anjali,Laptop,Electronics,2,40474.69,52365.99,104731.98,80949.38,23782.6,Cash
ORD0412,2025-08-10,West,Divya,Laptop,Electronics,8,38819.67,53463.98,427711.84,310557.36,117154.48,Cash
ORD0413,2025-04-06,East,Vishnu,Office Chair,Furniture,11,6696.66,8077.4,88851.4,73663.26,15188.14,Bank Transfer
ORD0414,2025-11-28,East,Divya,Keyboard,Accessories,1,903.17,1160.66,1160.66,903.17,257.49,Bank Transfer
ORD0415,2025-03-12,West,Sneha,Tablet,Electronics,8,15574.41,18439.05,147512.4,124595.28,22917.12,Card
ORD0416,2025-07-15,East,Divya,USB Drive,Accessories,13,690.14,763.2,9921.6,8971.82,949.78,Bank Transfer
ORD0417,2025-05-19,South,Arun,Printer,Electronics,15,8427.01,10082.76,151241.4,126405.15,24836.25,UPI
ORD0418,2025-05-24,North,Divya,Webcam,Electronics,4,2143.31,2878.91,11515.64,8573.24,2942.4,UPI
ORD0419,2025-12-03,South,Vishnu,Webcam,Electronics,4,2733.74,3089.24,12356.96,10934.96,1422.0,Cash
ORD0420,2025-07-01,South,Rahul,Mouse,Accessories,10,530.81,710.87,7108.7,5308.1,1800.6,Card
ORD0421,2025-10-30,North,Anjali,Webcam,Electronics,6,2628.88,3441.96,20651.76,15773.28,4878.48,Card
ORD0422,2025-09-10,East,Rahul,Webcam,Electronics,4,2647.94,3556.5,14226.0,10591.76,3634.24,Bank Transfer
ORD0423,2025-01-11,West,Arun,Laptop,Electronics,2,38881.89,49788.21,99576.42,77763.78,21812.64,UPI
ORD0424,2025-04-01,East,Arun,Webcam,Electronics,4,2629.03,3160.69,12642.76,10516.12,2126.64,Cash
ORD0425,2025-02-26,East,Meera,Keyboard,Accessories,10,923.56,1055.16,10551.6,9235.6,1316.0,UPI
ORD0426,2025-06-04,East,Rahul,Backpack,Bags,11,1708.02,1930.59,21236.49,18788.22,2448.27,Card
ORD0427,2025-11-29,East,Rahul,Backpack,Bags,7,1886.33,2618.6,18330.2,13204.31,5125.89,UPI
ORD0428,2025-06-07,East,Rahul,Mouse,Accessories,11,498.62,574.71,6321.81,5484.82,836.99,Card
ORD0429,2025-07-20,North,Rahul,Backpack,Bags,1,1956.95,2709.61,2709.61,1956.95,752.66,UPI
ORD0430,2025-09-12,South,Anjali,Webcam,Electronics,4,2524.78,2856.11,11424.44,10099.12,1325.32,Cash
ORD0431,2025-02-15,East,Divya,Mouse,Accessories,6,547.8,630.17,3781.02,3286.8,494.22,Cash
ORD0432,2025-05-12,North,Arun,Headphones,Accessories,4,1642.29,1839.92,7359.68,6569.16,790.52,Cash
ORD0433,2025-07-31,West,Kiran,Office Chair,Furniture,8,7232.02,10057.79,80462.32,57856.16,22606.16,UPI
ORD0434,2025-10-23,South,Rahul,Tablet,Electronics,7,15756.43,19598.58,137190.06,110295.01,26895.05,Bank Transfer
ORD0435,2025-06-13,East,Meera,Monitor,Electronics,13,12737.29,15137.92,196792.96,165584.77,31208.19,Cash
ORD0436,2025-02-08,North,Anjali,Printer,Electronics,3,9111.85,10462.88,31388.64,27335.55,4053.09,Bank Transfer
ORD0437,2025-11-07,West,Rahul,Backpack,Bags,1,1724.1,2234.59,2234.59,1724.1,510.49,Cash
ORD0438,2025-12-23,East,Vishnu,Monitor,Electronics,6,10816.65,12514.81,75088.86,64899.9,10188.96,UPI
ORD0439,2025-09-09,South,Arun,Mouse,Accessories,2,431.2,548.28,1096.56,862.4,234.16,UPI
ORD0440,2025-11-17,West,Sneha,Laptop,Electronics,7,39235.82,52857.29,370001.03,274650.74,95350.29,Cash
ORD0441,2025-02-11,West,Meera,Laptop,Electronics,4,40171.86,47705.83,190823.32,160687.44,30135.88,UPI
ORD0442,2025-02-16,West,Rahul,Office Chair,Furniture,8,6805.92,8836.21,70689.68,54447.36,16242.32,UPI
ORD0443,2025-08-14,West,Vishnu,Office Chair,Furniture,6,6276.52,6988.18,41929.08,37659.12,4269.96,Card
ORD0444,2025-12-08,North,Meera,Headphones,Accessories,10,1557.74,2065.05,20650.5,15577.4,5073.1,UPI
ORD0445,2025-10-11,North,Kiran,Tablet,Electronics,7,19668.17,25114.64,175802.48,137677.19,38125.29,Bank Transfer
ORD0446,2025-05-01,West,Vishnu,Tablet,Electronics,11,19201.02,23856.26,262418.86,211211.22,51207.64,Cash
ORD0447,2025-10-20,South,Meera,Office Chair,Furniture,15,7444.39,8266.39,123995.85,111665.85,12330.0,Bank Transfer
ORD0448,2025-03-06,North,Kiran,Keyboard,Accessories,3,983.74,1320.71,3962.13,2951.22,1010.91,Cash
ORD0449,2025-03-17,East,Anjali,USB Drive,Accessories,7,630.34,848.92,5942.44,4412.38,1530.06,Cash
ORD0450,2025-05-22,West,Arun,Monitor,Electronics,7,11869.09,15021.71,105151.97,83083.63,22068.34,Bank Transfer
ORD0451,2025-10-26,North,Meera,Monitor,Electronics,7,10648.93,13523.91,94667.37,74542.51,20124.86,Cash
ORD0452,2025-07-30,East,Kiran,Headphones,Accessories,14,1771.04,2130.85,29831.9,24794.56,5037.34,Bank Transfer
ORD0453,2025-07-26,South,Kiran,Webcam,Electronics,10,2420.65,2787.77,27877.7,24206.5,3671.2,Cash
ORD0454,2025-01-26,West,Vishnu,Office Chair,Furniture,15,7488.18,9788.21,146823.15,112322.7,34500.45,UPI
ORD0455,2025-05-24,West,Meera,Laptop,Electronics,6,47445.59,56503.74,339022.44,284673.54,54348.9,Card
ORD0456,2025-06-14,East,Kiran,Keyboard,Accessories,5,984.2,1213.45,6067.25,4921.0,1146.25,Cash
ORD0457,2025-09-06,East,Arun,Mouse,Accessories,8,451.42,608.15,4865.2,3611.36,1253.84,Card
ORD0458,2025-09-26,North,Rahul,Monitor,Electronics,5,12328.71,15053.55,75267.75,61643.55,13624.2,Card
ORD0459,2025-01-26,East,Sneha,Mouse,Accessories,14,432.2,479.71,6715.94,6050.8,665.14,UPI
ORD0460,2025-03-05,North,Sneha,Printer,Electronics,14,8211.46,10010.45,140146.3,114960.44,25185.86,UPI
ORD0461,2025-08-31,East,Anjali,Desk,Furniture,10,8653.73,12012.73,120127.3,86537.3,33590.0,Card
ORD0462,2025-01-15,West,Arun,Headphones,Accessories,12,1903.89,2145.91,25750.92,22846.68,2904.24,Card
ORD0463,2025-11-28,South,Sneha,Webcam,Electronics,13,2728.07,3702.35,48130.55,35464.91,12665.64,UPI
ORD0464,2025-12-16,North,Divya,USB Drive,Accessories,7,684.82,930.94,6516.58,4793.74,1722.84,Card
ORD0465,2025-05-10,East,Vishnu,USB Drive,Accessories,3,700.2,772.0,2316.0,2100.6,215.4,Bank Transfer
ORD0466,2025-08-27,East,Kiran,Office Chair,Furniture,14,6560.24,7712.22,107971.08,91843.36,16127.72,Cash
ORD0467,2025-07-11,East,Vishnu,Laptop,Electronics,9,49493.58,68793.39,619140.51,445442.22,173698.29,Cash
ORD0468,2025-06-16,East,Vishnu,Desk,Furniture,2,8406.64,9944.59,19889.18,16813.28,3075.9,UPI
ORD0469,2025-01-30,West,Anjali,Mouse,Accessories,3,489.66,573.93,1721.79,1468.98,252.81,Card
ORD0470,2025-05-13,West,Kiran,Backpack,Bags,1,1824.93,2553.52,2553.52,1824.93,728.59,Bank Transfer
ORD0471,2025-04-08,East,Sneha,Backpack,Bags,1,1792.36,2506.48,2506.48,1792.36,714.12,Bank Transfer
ORD0472,2025-12-03,South,Vishnu,USB Drive,Accessories,6,683.78,925.58,5553.48,4102.68,1450.8,Cash
ORD0473,2025-10-14,South,Anjali,Desk,Furniture,3,9317.07,12275.76,36827.28,27951.21,8876.07,Cash
ORD0474,2025-08-04,East,Anjali,Mouse,Accessories,6,452.92,616.62,3699.72,2717.52,982.2,UPI
ORD0475,2025-01-28,North,Divya,Webcam,Electronics,5,2414.85,2741.66,13708.3,12074.25,1634.05,Card
ORD0476,2025-06-02,West,Arun,Tablet,Electronics,2,19203.74,23322.96,46645.92,38407.48,8238.44,Card
ORD0477,2025-08-23,South,Anjali,Keyboard,Accessories,4,842.1,1175.7,4702.8,3368.4,1334.4,Card
ORD0478,2025-06-10,North,Arun,Monitor,Electronics,8,11197.89,15632.17,125057.36,89583.12,35474.24,Bank Transfer
ORD0479,2025-03-23,West,Meera,Headphones,Accessories,4,1872.54,2154.51,8618.04,7490.16,1127.88,Card
ORD0480,2025-09-02,West,Arun,Webcam,Electronics,7,2520.93,3078.1,21546.7,17646.51,3900.19,Cash
ORD0481,2025-06-14,South,Arun,Tablet,Electronics,4,18587.97,25744.72,102978.88,74351.88,28627.0,Cash
ORD0482,2025-06-26,East,Rahul,USB Drive,Accessories,12,638.54,835.25,10023.0,7662.48,2360.52,Cash
ORD0483,2025-01-24,East,Vishnu,Office Chair,Furniture,9,6980.17,8027.94,72251.46,62821.53,9429.93,Bank Transfer
ORD0484,2025-12-18,South,Anjali,Backpack,Bags,9,1798.37,2160.47,19444.23,16185.33,3258.9,Bank Transfer
ORD0485,2025-07-26,North,Sneha,Printer,Electronics,13,7625.41,10556.81,137238.53,99130.33,38108.2,Card
ORD0486,2025-09-16,South,Meera,Backpack,Bags,3,1625.04,1798.23,5394.69,4875.12,519.57,UPI
ORD0487,2025-11-24,East,Arun,Backpack,Bags,11,1886.46,2287.44,25161.84,20751.06,4410.78,Cash
ORD0488,2025-12-20,North,Kiran,USB Drive,Accessories,2,709.37,784.51,1569.02,1418.74,150.28,Bank Transfer
ORD0489,2025-03-20,South,Arun,Office Chair,Furniture,2,6907.74,8581.62,17163.24,13815.48,3347.76,UPI
ORD0490,2025-11-15,South,Kiran,Office Chair,Furniture,11,6126.71,7695.72,84652.92,67393.81,17259.11,Cash
ORD0491,2025-02-24,West,Sneha,Tablet,Electronics,12,18079.64,21420.97,257051.64,216955.68,40095.96,Card
ORD0492,2025-12-27,West,Vishnu,Headphones,Accessories,14,1765.42,2048.77,28682.78,24715.88,3966.9,Card
ORD0493,2025-09-04,East,Sneha,Laptop,Electronics,9,43833.99,50948.61,458537.49,394505.91,64031.58,Cash
ORD0494,2025-10-21,West,Rahul,Laptop,Electronics,11,39251.28,44476.77,489244.47,431764.08,57480.39,Cash
ORD0495,2025-05-12,South,Divya,Tablet,Electronics,2,18556.04,20975.51,41951.02,37112.08,4838.94,UPI
ORD0496,2025-01-21,East,Anjali,Headphones,Accessories,8,1552.54,2086.54,16692.32,12420.32,4272.0,UPI
ORD0497,2025-01-24,North,Rahul,Office Chair,Furniture,12,6152.83,8339.38,100072.56,73833.96,26238.6,Card
ORD0498,2025-05-18,North,Anjali,Printer,Electronics,6,9125.87,12653.26,75919.56,54755.22,21164.34,UPI
ORD0499,2025-05-20,West,Divya,Keyboard,Accessories,2,855.17,1187.57,2375.14,1710.34,664.8,Bank Transfer
ORD0500,2025-12-23,North,Rahul,USB Drive,Accessories,15,734.46,832.82,12492.3,11016.9,1475.4,Cash
